,Cm_x_A,Cm_y_A,Cm_z_A,Cx_A,Cx_G,Cy_A,Cy_G,Cz_A,Cz_G
0,0.0,0.0,0.0,0.0,0.0,0.0,0.0,0.0,0.0
1,0.00021480651025687858,-0.002736558111358412,0.00468039407335162,-1.814114118066809e-20,-1.814114118066809e-20,1.0473792744065737e-20,0.8660254037844388,0.009382450632037517,-0.4999999999999998
2,0.00030144233060679456,-0.0030947847183818047,0.006011120392369662,-0.0001443777156392984,-0.0001443777156392984,-8.305515481111141e-05,0.8660098153739363,0.011101733165430725,-0.5000000000000004
