,Cm_x_A,Cm_y_A,Cm_z_A,Cx_A,Cx_G,Cy_A,Cy_G,Cz_A,Cz_G
0,0.0,0.0,0.0,0.0,0.0,0.0,0.0,0.0,0.0
1,-2.8459683582919023e-05,-0.003311398806579616,0.005396986909547691,-0.0005841936834294838,-0.0005841936834294838,-0.0003112914925983114,0.8660254037844388,0.01080816839146376,-0.4999999999999998
2,0.0002395389250006572,-0.004282178305611567,0.009525933050044608,-0.0009037357590914046,-0.0009037357590914046,-0.0003379962234645943,0.8660098153739363,0.01623056431423564,-0.5000000000000004
3,0.0009958282246430867,-0.008403679763698607,0.018911369898936825,-0.001923903297515072,-0.001923903297515072,-0.0005173772181309321,0.8660271649117848,0.03035696098925298,-0.49988886340718464
4,0.003651666466956815,0.24400480019281048,0.8052723839151429,-0.09005558736596983,-0.09005558736596983,-0.03614001074521157,0.8658706391005402,0.009254579386949624,-0.5000190287093021
5,103.16792607662694,848.9804423817498,2625.812651279766,-4.169302126955152,-4.169302126955152,-113.45231423322333,0.865804870202871,20.598195840201015,-0.49929442842381005
6,80144820.42162582,179674907.29285702,1146736693.222913,-20001571.370440803,-20001571.370440803,-69126068.45624956,0.8667760540420564,-1073040569.7517384,-0.048923926136841434
