,Cm_x_A,Cm_y_A,Cm_z_A,Cx_A,Cx_G,Cy_A,Cy_G,Cz_A,Cz_G
0,0.0,0.0,0.0,0.0,0.0,0.0,0.0,0.0,0.0
1,0.00021480651025687858,-0.00021480651025687858,0.00021480651025687858,0.0,0.0,0.0,0.8660254037844388,0.0,-0.4999999999999998
2,0.0001919048909807654,-0.0001919048909807654,0.0001919048909807654,0.0,0.0,0.0,0.8660098153739363,0.0,-0.5000000000000004
3,-0.0012673870556273682,0.0012673870556273682,-0.0012673870556273682,0.0,0.0,0.0,0.8659669139241593,0.0,-0.49999381890813416
4,-1.4450398657454664,1.4450398657454664,-1.4450398657454664,0.0,0.0,0.0,0.8658888902422059,0.0,-0.5000413821379543
5,-3771.3386333243902,3771.3386333243902,-3771.3386333243902,0.0,0.0,0.0,0.8661000694305772,0.0,-0.49315359401458486
